<?xml	version="1.0"	encoding="UTF-8"?>
<!DOCTYPE log4j:configuration PUBLIC "-//APACHE//DTD LOG4J 1.2//EN"	
"http://logging.apache.org/log4j/1.2/apidocs/org/apache/log4j/xml/doc-files/l
og4j.dtd">
<Configuration>
	<Appenders>
		<Console name="console" target="SYSTEM_OUT">
			<PatternLayout pattern="%d	%5p	[%c]	%m%n" />
		</Console>
		<!--추가된 부분 -->
		<Console name="console-infolog"
			class="org.apache.log4j.ConsoleAppender">
			<layout class="org.apache.log4j.PatternLayout">
				<param name="ConversionPattern" value="%d	%5p	%m%n" />
			</layout>
		</Console>
	</Appenders>
	<Loggers>
		<Logger name="java.sql" level="info" additivity="false">
			<AppenderRef ref="console" />
		</Logger>
		<Logger name="egovframework" level="DEBUG" additivity="false">
			<AppenderRef ref="console" />
		</Logger>
		<!-- log SQL with timing information, post execution -->
		<Logger name="jdbc.sqltiming" level="info" additivity="false">
			<AppenderRef ref="console" />
		</Logger>
		<Logger name="org.springframework" level="DEBUG"
			additivity="false">
			<AppenderRef ref="console" />
		</Logger>
		<!-- Query Loggers -->
		<Logger name="jdbc.sqlonly" additivity="false">
			<level value="DEBUG" />
			<appender-ref ref="console-infolog" />
		</Logger>
		<logger name="java.sql.ResultSet" additivity="false">
			<level value="OFF" />
		</logger>
		<Root level="DEBUG">
			<AppenderRef ref="console" />
		</Root>
	</Loggers>
</Configuration>